Name,time,date
Unknown,14:35:45, 19/09/2021
CHRIS_HEMSWORTH,14:35:56, 19/09/2021
Unknown,14:35:56, 19/09/2021
CHRIS_HEMSWORTH,14:36:00, 19/09/2021
Unknown,14:36:00, 19/09/2021
CHRIS_HEMSWORTH,14:36:03, 19/09/2021
Unknown,14:36:03, 19/09/2021
CHRIS_HEMSWORTH,14:36:04, 19/09/2021
Unknown,14:36:04, 19/09/2021
CHRIS_HEMSWORTH,14:36:08, 19/09/2021
Unknown,14:36:08, 19/09/2021
CHRIS_HEMSWORTH,14:36:09, 19/09/2021
Unknown,14:36:09, 19/09/2021
CHRIS_HEMSWORTH,14:36:09, 19/09/2021
Unknown,14:36:09, 19/09/2021
CHRIS_HEMSWORTH,14:36:10, 19/09/2021
Unknown,14:36:10, 19/09/2021